Sample,position,refAA,altAA,Freq. (clonotypes),region,altChemical,hotspot
Post-infection,1,Q,E,0.291666666666667,FR1,Acidic,nonhotspot
Post-infection,1,Q,R,0.0104166666666667,FR1,Basic,nonhotspot
Post-infection,2,V,A,0.0506329113924051,FR1,Aliphatic,hotspot
Post-infection,2,V,E,0.0253164556962025,FR1,Acidic,hotspot
Post-infection,2,V,G,0.0253164556962025,FR1,Aliphatic,hotspot
Post-infection,2,V,M,0.0253164556962025,FR1,Sulfur,hotspot
Post-infection,3,Q,H,0.0506329113924051,FR1,Basic,hotspot
Post-infection,3,Q,R,0.0632911392405063,FR1,Basic,hotspot
Post-infection,4,L,V,0.0266666666666667,FR1,Aliphatic,hotspot
Post-infection,4,L,W,0.0266666666666667,FR1,Aromatic,hotspot
Post-infection,5,V,A,0.0649350649350649,FR1,Aliphatic,hotspot
Post-infection,5,V,L,0.025974025974026,FR1,Aliphatic,hotspot
Post-infection,6,E,A,0.0131578947368421,FR1,Aliphatic,nonhotspot
Post-infection,6,E,V,0.0263157894736842,FR1,Aliphatic,nonhotspot
Post-infection,6,E,K,0.0263157894736842,FR1,Basic,nonhotspot
Post-infection,7,S,T,0.051948051948052,FR1,Hydroxyl,nonhotspot
Post-infection,7,S,W,0.012987012987013,FR1,Aromatic,nonhotspot
Post-infection,7,S,A,0.025974025974026,FR1,Aliphatic,nonhotspot
Post-infection,8,G,E,0.0277777777777778,FR1,Acidic,hotspot
Post-infection,9,G,V,0.0410958904109589,FR1,Aliphatic,hotspot
Post-infection,11,G,D,0.0625,FR1,Acidic,hotspot
Post-infection,11,G,S,0.05,FR1,Hydroxyl,hotspot
Post-infection,11,G,V,0.025,FR1,Aliphatic,hotspot
Post-infection,12,V,L,0.25,FR1,Aliphatic,hotspot
Post-infection,12,V,A,0.03125,FR1,Aliphatic,hotspot
Post-infection,12,V,M,0.0208333333333333,FR1,Sulfur,hotspot
Post-infection,13,V,I,0.0886075949367089,FR1,Aliphatic,hotspot
Post-infection,13,V,A,0.0126582278481013,FR1,Aliphatic,hotspot
Post-infection,13,V,F,0.0253164556962025,FR1,Aromatic,hotspot
Post-infection,14,Q,K,0.157894736842105,FR1,Basic,hotspot
Post-infection,14,Q,R,0.105263157894737,FR1,Basic,hotspot
Post-infection,14,Q,H,0.0315789473684211,FR1,Basic,hotspot
Post-infection,15,P,A,0.027027027027027,FR1,Aliphatic,nonhotspot
Post-infection,15,P,S,0.027027027027027,FR1,Hydroxyl,nonhotspot
Post-infection,16,G,V,0.0266666666666667,FR1,Aliphatic,nonhotspot
Post-infection,16,G,R,0.0266666666666667,FR1,Basic,nonhotspot
Post-infection,17,R,G,0.271028037383178,FR1,Aliphatic,nonhotspot
Post-infection,17,R,K,0.0467289719626168,FR1,Basic,nonhotspot
Post-infection,17,R,W,0.0280373831775701,FR1,Aromatic,nonhotspot
Post-infection,18,S,P,0.0263157894736842,FR1,Aliphatic,nonhotspot
Post-infection,18,S,A,0.0263157894736842,FR1,Aliphatic,nonhotspot
Post-infection,18,S,Y,0.0263157894736842,FR1,Aromatic,nonhotspot
Post-infection,20,R,S,0.0617283950617284,FR1,Hydroxyl,nonhotspot
Post-infection,20,R,G,0.0246913580246914,FR1,Aliphatic,nonhotspot
Post-infection,20,R,I,0.0123456790123457,FR1,Aliphatic,nonhotspot
Post-infection,20,R,K,0.0246913580246914,FR1,Basic,nonhotspot
Post-infection,20,R,T,0.0246913580246914,FR1,Hydroxyl,nonhotspot
Post-infection,21,L,P,0.0384615384615385,FR1,Aliphatic,nonhotspot
Post-infection,21,L,V,0.0384615384615385,FR1,Aliphatic,nonhotspot
Post-infection,21,L,R,0.0256410256410256,FR1,Basic,nonhotspot
Post-infection,22,S,A,0.027027027027027,FR1,Aliphatic,hotspot
Post-infection,22,S,P,0.0405405405405405,FR1,Aliphatic,hotspot
Post-infection,23,C,W,0.0547945205479452,FR1,Aromatic,hotspot
Post-infection,24,A,V,0.0823529411764706,FR1,Aliphatic,hotspot
Post-infection,24,A,S,0.0352941176470588,FR1,Hydroxyl,hotspot
Post-infection,24,A,E,0.0235294117647059,FR1,Acidic,hotspot
Post-infection,24,A,G,0.0470588235294118,FR1,Aliphatic,hotspot
Post-infection,24,A,T,0.0235294117647059,FR1,Hydroxyl,hotspot
Post-infection,25,A,T,0.0410958904109589,FR1,Hydroxyl,hotspot
Post-infection,25,A,G,0.0273972602739726,FR1,Aliphatic,hotspot
Post-infection,26,S,P,0.0273972602739726,FR1,Aliphatic,hotspot
Post-infection,26,S,T,0.0273972602739726,FR1,Hydroxyl,hotspot
Post-infection,27,G,E,0.0277777777777778,CDR1,Acidic,hotspot
Post-infection,27,G,A,0.0277777777777778,CDR1,Aliphatic,hotspot
Post-infection,27,G,R,0.0277777777777778,CDR1,Basic,hotspot
Post-infection,28,F,I,0.038961038961039,CDR1,Aliphatic,nonhotspot
Post-infection,28,F,L,0.038961038961039,CDR1,Aliphatic,nonhotspot
Post-infection,28,F,Y,0.025974025974026,CDR1,Aromatic,nonhotspot
Post-infection,29,T,S,0.114942528735632,CDR1,Hydroxyl,nonhotspot
Post-infection,29,T,I,0.0574712643678161,CDR1,Aliphatic,nonhotspot
Post-infection,29,T,N,0.0229885057471264,CDR1,Amide,nonhotspot
Post-infection,29,T,A,0.0229885057471264,CDR1,Aliphatic,nonhotspot
Post-infection,30,F,V,0.075,CDR1,Aliphatic,nonhotspot
Post-infection,30,F,L,0.075,CDR1,Aliphatic,nonhotspot
Post-infection,35,S,R,0.0869565217391304,CDR1,Basic,hotspot
Post-infection,35,S,I,0.0326086956521739,CDR1,Aliphatic,hotspot
Post-infection,35,S,T,0.0434782608695652,CDR1,Hydroxyl,hotspot
Post-infection,35,S,G,0.0434782608695652,CDR1,Aliphatic,hotspot
Post-infection,35,S,D,0.0326086956521739,CDR1,Acidic,hotspot
Post-infection,35,S,N,0.0326086956521739,CDR1,Amide,hotspot
Post-infection,36,S,I,0.008,CDR1,Aliphatic,hotspot
Post-infection,36,S,N,0.16,CDR1,Amide,hotspot
Post-infection,36,S,T,0.064,CDR1,Hydroxyl,hotspot
Post-infection,36,S,D,0.08,CDR1,Acidic,hotspot
Post-infection,36,S,R,0.056,CDR1,Basic,hotspot
Post-infection,36,S,G,0.04,CDR1,Aliphatic,hotspot
Post-infection,36,S,P,0.024,CDR1,Aliphatic,hotspot
Post-infection,36,S,A,0.016,CDR1,Aliphatic,hotspot
Post-infection,36,S,Y,0.024,CDR1,Aromatic,hotspot
Post-infection,36,S,K,0.016,CDR1,Basic,hotspot
Post-infection,37,Y,F,0.0989010989010989,CDR1,Aromatic,hotspot
Post-infection,37,Y,S,0.0659340659340659,CDR1,Hydroxyl,hotspot
Post-infection,37,Y,N,0.0659340659340659,CDR1,Amide,hotspot
Post-infection,37,Y,H,0.021978021978022,CDR1,Basic,hotspot
Post-infection,37,Y,A,0.032967032967033,CDR1,Aliphatic,hotspot
Post-infection,38,A,S,0.0300751879699248,CDR1,Hydroxyl,hotspot
Post-infection,38,G,W,0.0526315789473684,CDR1,Aromatic,hotspot
Post-infection,38,G,Y,0.0451127819548872,CDR1,Aromatic,hotspot
Post-infection,38,G,A,0.0225563909774436,CDR1,Aliphatic,hotspot
Post-infection,38,G,S,0.0451127819548872,CDR1,Hydroxyl,hotspot
Post-infection,38,A,E,0.0150375939849624,CDR1,Acidic,hotspot
Post-infection,38,G,D,0.0225563909774436,CDR1,Acidic,hotspot
Post-infection,38,A,T,0.0225563909774436,CDR1,Hydroxyl,hotspot
Post-infection,38,G,P,0.0075187969924812,CDR1,Aliphatic,hotspot
Post-infection,38,G,V,0.0225563909774436,CDR1,Aliphatic,hotspot
Post-infection,38,A,W,0.0150375939849624,CDR1,Aromatic,hotspot
Post-infection,39,M,I,0.0930232558139535,FR2,Aliphatic,hotspot
Post-infection,39,M,V,0.0581395348837209,FR2,Aliphatic,hotspot
Post-infection,39,M,L,0.0348837209302326,FR2,Aliphatic,hotspot
Post-infection,39,M,T,0.0581395348837209,FR2,Hydroxyl,hotspot
Post-infection,40,H,Y,0.087378640776699,FR2,Aromatic,hotspot
Post-infection,40,H,S,0.116504854368932,FR2,Hydroxyl,hotspot
Post-infection,40,H,N,0.0970873786407767,FR2,Amide,hotspot
Post-infection,40,H,R,0.029126213592233,FR2,Basic,hotspot
Post-infection,40,H,Q,0.0194174757281553,FR2,Amide,hotspot
Post-infection,41,W,C,0.0289855072463768,FR2,Sulfur,hotspot
Post-infection,42,V,I,0.0625,FR2,Aliphatic,hotspot
Post-infection,42,V,A,0.05,FR2,Aliphatic,hotspot
Post-infection,42,V,G,0.0125,FR2,Aliphatic,hotspot
Post-infection,44,Q,L,0.0147058823529412,FR2,Aliphatic,hotspot
Post-infection,45,A,T,0.0675675675675676,FR2,Hydroxyl,hotspot
Post-infection,45,A,P,0.0540540540540541,FR2,Aliphatic,hotspot
Post-infection,48,K,R,0.04,FR2,Basic,nonhotspot
Post-infection,48,K,Q,0.0266666666666667,FR2,Amide,nonhotspot
Post-infection,50,L,P,0.0285714285714286,FR2,Aliphatic,nonhotspot
Post-infection,51,E,D,0.0263157894736842,FR2,Acidic,hotspot
Post-infection,51,E,Q,0.0394736842105263,FR2,Amide,hotspot
Post-infection,51,E,A,0.0131578947368421,FR2,Aliphatic,hotspot
Post-infection,51,E,G,0.0263157894736842,FR2,Aliphatic,hotspot
Post-infection,51,E,V,0.0131578947368421,FR2,Aliphatic,hotspot
Post-infection,52,W,C,0.0294117647058824,FR2,Sulfur,hotspot
Post-infection,53,V,L,0.0512820512820513,FR2,Aliphatic,nonhotspot
Post-infection,53,V,E,0.0256410256410256,FR2,Acidic,nonhotspot
Post-infection,53,V,A,0.0256410256410256,FR2,Aliphatic,nonhotspot
Post-infection,53,V,M,0.0256410256410256,FR2,Sulfur,nonhotspot
Post-infection,54,A,G,0.0142857142857143,FR2,Aliphatic,nonhotspot
Post-infection,55,V,L,0.0813953488372093,FR2,Aliphatic,nonhotspot
Post-infection,55,V,I,0.0581395348837209,FR2,Aliphatic,nonhotspot
Post-infection,55,V,F,0.0348837209302326,FR2,Aromatic,nonhotspot
Post-infection,56,I,T,0.075,CDR2,Hydroxyl,nonhotspot
Post-infection,56,I,V,0.05,CDR2,Aliphatic,nonhotspot
Post-infection,56,I,M,0.0375,CDR2,Sulfur,nonhotspot
Post-infection,57,S,W,0.104651162790698,CDR2,Aromatic,hotspot
Post-infection,57,S,L,0.0232558139534884,CDR2,Aliphatic,hotspot
Post-infection,57,S,A,0.0232558139534884,CDR2,Aliphatic,hotspot
Post-infection,57,S,P,0.0232558139534884,CDR2,Aliphatic,hotspot
Post-infection,57,S,Y,0.0116279069767442,CDR2,Aromatic,hotspot
Post-infection,58,Y,F,0.0595238095238095,CDR2,Aromatic,hotspot
Post-infection,58,Y,H,0.0714285714285714,CDR2,Basic,hotspot
Post-infection,58,Y,A,0.0119047619047619,CDR2,Aliphatic,hotspot
Post-infection,58,Y,P,0.0119047619047619,CDR2,Aliphatic,hotspot
Post-infection,58,Y,W,0.0238095238095238,CDR2,Aromatic,hotspot
Post-infection,58,Y,S,0.0357142857142857,CDR2,Hydroxyl,hotspot
Post-infection,58,Y,N,0.0238095238095238,CDR2,Amide,hotspot
Post-infection,59,D,G,0.027027027027027,CDR2,Aliphatic,hotspot
Post-infection,59,D,N,0.027027027027027,CDR2,Amide,hotspot
Post-infection,59,D,S,0.027027027027027,CDR2,Hydroxyl,hotspot
Post-infection,62,G,R,0.0410958904109589,CDR2,Basic,nonhotspot
Post-infection,62,G,A,0.0273972602739726,CDR2,Aliphatic,nonhotspot
Post-infection,62,G,T,0.0136986301369863,CDR2,Hydroxyl,nonhotspot
Post-infection,63,S,R,0.115789473684211,CDR2,Basic,hotspot
Post-infection,63,S,D,0.0421052631578947,CDR2,Acidic,hotspot
Post-infection,63,S,I,0.0315789473684211,CDR2,Aliphatic,hotspot
Post-infection,63,S,N,0.0526315789473684,CDR2,Amide,hotspot
Post-infection,63,S,G,0.0526315789473684,CDR2,Aliphatic,hotspot
Post-infection,63,S,T,0.0421052631578947,CDR2,Hydroxyl,hotspot
Post-infection,64,N,K,0.0891089108910891,CDR2,Basic,hotspot
Post-infection,64,N,T,0.0792079207920792,CDR2,Hydroxyl,hotspot
Post-infection,64,N,D,0.0396039603960396,CDR2,Acidic,hotspot
Post-infection,64,N,I,0.0297029702970297,CDR2,Aliphatic,hotspot
Post-infection,64,N,G,0.0297029702970297,CDR2,Aliphatic,hotspot
Post-infection,64,N,S,0.0396039603960396,CDR2,Hydroxyl,hotspot
Post-infection,64,N,H,0.0297029702970297,CDR2,Basic,hotspot
Post-infection,65,K,R,0.0444444444444444,CDR2,Basic,nonhotspot
Post-infection,65,K,E,0.1,CDR2,Acidic,nonhotspot
Post-infection,65,K,T,0.0666666666666667,CDR2,Hydroxyl,nonhotspot
Post-infection,65,K,N,0.0333333333333333,CDR2,Amide,nonhotspot
Post-infection,65,K,A,0.0111111111111111,CDR2,Aliphatic,nonhotspot
Post-infection,65,K,D,0.0111111111111111,CDR2,Acidic,nonhotspot
Post-infection,65,K,Q,0.0222222222222222,CDR2,Amide,nonhotspot
Post-infection,66,Y,D,0.0487804878048781,FR3,Acidic,nonhotspot
Post-infection,66,Y,N,0.0365853658536585,FR3,Amide,nonhotspot
Post-infection,66,Y,W,0.024390243902439,FR3,Aromatic,nonhotspot
Post-infection,66,Y,R,0.0121951219512195,FR3,Basic,nonhotspot
Post-infection,66,Y,A,0.0121951219512195,FR3,Aliphatic,nonhotspot
Post-infection,66,Y,F,0.0121951219512195,FR3,Aromatic,nonhotspot
Post-infection,66,Y,C,0.024390243902439,FR3,Sulfur,nonhotspot
Post-infection,67,Y,V,0.0140845070422535,FR3,Aliphatic,nonhotspot
Post-infection,68,A,T,0.0731707317073171,FR3,Hydroxyl,nonhotspot
Post-infection,68,A,S,0.0365853658536585,FR3,Hydroxyl,nonhotspot
Post-infection,68,A,G,0.0365853658536585,FR3,Aliphatic,nonhotspot
Post-infection,68,A,V,0.0365853658536585,FR3,Aliphatic,nonhotspot
Post-infection,69,D,E,0.038961038961039,FR3,Acidic,hotspot
Post-infection,69,D,A,0.038961038961039,FR3,Aliphatic,hotspot
Post-infection,69,D,N,0.025974025974026,FR3,Amide,hotspot
Post-infection,69,D,G,0.025974025974026,FR3,Aliphatic,hotspot
Post-infection,70,S,F,0.028169014084507,FR3,Aromatic,hotspot
Post-infection,72,K,R,0.0897435897435897,FR3,Basic,hotspot
Post-infection,72,K,E,0.0384615384615385,FR3,Acidic,hotspot
Post-infection,72,K,Q,0.0128205128205128,FR3,Amide,hotspot
Post-infection,76,F,L,0.04,FR3,Aliphatic,hotspot
Post-infection,76,F,V,0.0266666666666667,FR3,Aliphatic,hotspot
Post-infection,76,F,Y,0.0266666666666667,FR3,Aromatic,hotspot
Post-infection,77,T,A,0.025974025974026,FR3,Aliphatic,hotspot
Post-infection,77,T,V,0.025974025974026,FR3,Aliphatic,hotspot
Post-infection,78,I,F,0.027027027027027,FR3,Aromatic,nonhotspot
Post-infection,78,I,V,0.0675675675675676,FR3,Aliphatic,nonhotspot
Post-infection,81,D,N,0.0147058823529412,FR3,Amide,hotspot
Post-infection,82,N,S,0.0140845070422535,FR3,Hydroxyl,hotspot
Post-infection,83,S,A,0.178571428571429,FR3,Aliphatic,hotspot
Post-infection,83,S,Y,0.0119047619047619,FR3,Aromatic,hotspot
Post-infection,84,K,R,0.0833333333333333,FR3,Basic,hotspot
Post-infection,84,K,E,0.0714285714285714,FR3,Acidic,hotspot
Post-infection,84,K,M,0.0357142857142857,FR3,Sulfur,hotspot
Post-infection,85,N,H,0.0405405405405405,FR3,Basic,hotspot
Post-infection,85,N,D,0.0405405405405405,FR3,Acidic,hotspot
Post-infection,85,N,K,0.0135135135135135,FR3,Basic,hotspot
Post-infection,85,N,S,0.027027027027027,FR3,Hydroxyl,hotspot
Post-infection,86,T,S,0.154761904761905,FR3,Hydroxyl,nonhotspot
Post-infection,86,T,M,0.0238095238095238,FR3,Sulfur,nonhotspot
Post-infection,86,T,A,0.0119047619047619,FR3,Aliphatic,nonhotspot
Post-infection,87,L,V,0.08,FR3,Aliphatic,hotspot
Post-infection,87,L,P,0.0266666666666667,FR3,Aliphatic,hotspot
Post-infection,88,Y,F,0.0625,FR3,Aromatic,hotspot
Post-infection,88,Y,S,0.05,FR3,Hydroxyl,hotspot
Post-infection,88,Y,C,0.0375,FR3,Sulfur,hotspot
Post-infection,89,L,P,0.0289855072463768,FR3,Aliphatic,hotspot
Post-infection,90,Q,E,0.0294117647058824,FR3,Acidic,hotspot
Post-infection,91,M,V,0.0277777777777778,FR3,Aliphatic,nonhotspot
Post-infection,92,N,S,0.0526315789473684,FR3,Hydroxyl,nonhotspot
Post-infection,92,N,D,0.0394736842105263,FR3,Acidic,nonhotspot
Post-infection,92,N,G,0.0263157894736842,FR3,Aliphatic,nonhotspot
Post-infection,92,N,I,0.0263157894736842,FR3,Aliphatic,nonhotspot
Post-infection,93,S,N,0.04,FR3,Amide,nonhotspot
Post-infection,93,S,G,0.04,FR3,Aliphatic,nonhotspot
Post-infection,95,R,T,0.0140845070422535,FR3,Hydroxyl,nonhotspot
Post-infection,95,R,G,0.028169014084507,FR3,Aliphatic,nonhotspot
Post-infection,95,R,S,0.028169014084507,FR3,Hydroxyl,nonhotspot
Post-infection,96,A,V,0.0864197530864198,FR3,Aliphatic,nonhotspot
Post-infection,96,A,D,0.0246913580246914,FR3,Acidic,nonhotspot
Post-infection,96,A,P,0.0617283950617284,FR3,Aliphatic,nonhotspot
Post-infection,96,A,T,0.037037037037037,FR3,Hydroxyl,nonhotspot
Post-infection,96,A,S,0.0246913580246914,FR3,Hydroxyl,nonhotspot
Post-infection,97,E,D,0.0833333333333333,FR3,Acidic,nonhotspot
Post-infection,98,D,N,0.0277777777777778,FR3,Amide,nonhotspot
Post-infection,99,T,A,0.0540540540540541,FR3,Aliphatic,nonhotspot
Post-infection,99,T,M,0.0405405405405405,FR3,Sulfur,nonhotspot
Post-infection,99,T,R,0.027027027027027,FR3,Basic,nonhotspot
Post-infection,101,V,L,0.0428571428571429,FR3,Aliphatic,hotspot
Post-infection,102,Y,F,0.0289855072463768,FR3,Aromatic,hotspot
Post-infection,103,Y,F,0.0277777777777778,FR3,Aromatic,hotspot
Post-infection,103,Y,H,0.0277777777777778,FR3,Basic,hotspot
Post-vaccination,1,Q,E,0.205128205128205,FR1,Acidic,nonhotspot
Post-vaccination,2,V,G,0.0142857142857143,FR1,Aliphatic,hotspot
Post-vaccination,2,V,L,0.0285714285714286,FR1,Aliphatic,hotspot
Post-vaccination,2,V,A,0.0428571428571429,FR1,Aliphatic,hotspot
Post-vaccination,2,V,E,0.0142857142857143,FR1,Acidic,hotspot
Post-vaccination,3,Q,H,0.0441176470588235,FR1,Basic,hotspot
Post-vaccination,3,Q,K,0.0294117647058824,FR1,Basic,hotspot
Post-vaccination,3,Q,R,0.0294117647058824,FR1,Basic,hotspot
Post-vaccination,4,L,V,0.0149253731343284,FR1,Aliphatic,hotspot
Post-vaccination,4,L,P,0.0298507462686567,FR1,Aliphatic,hotspot
Post-vaccination,5,V,A,0.0441176470588235,FR1,Aliphatic,hotspot
Post-vaccination,5,V,E,0.0147058823529412,FR1,Acidic,hotspot
Post-vaccination,5,V,G,0.0147058823529412,FR1,Aliphatic,hotspot
Post-vaccination,5,V,L,0.0147058823529412,FR1,Aliphatic,hotspot
Post-vaccination,6,E,A,0.0289855072463768,FR1,Aliphatic,nonhotspot
Post-vaccination,6,E,V,0.0289855072463768,FR1,Aliphatic,nonhotspot
Post-vaccination,6,E,G,0.0289855072463768,FR1,Aliphatic,nonhotspot
Post-vaccination,7,S,P,0.0294117647058824,FR1,Aliphatic,nonhotspot
Post-vaccination,7,S,A,0.0294117647058824,FR1,Aliphatic,nonhotspot
Post-vaccination,7,S,F,0.0294117647058824,FR1,Aromatic,nonhotspot
Post-vaccination,8,G,E,0.0303030303030303,FR1,Acidic,hotspot
Post-vaccination,8,G,V,0.0151515151515152,FR1,Aliphatic,hotspot
Post-vaccination,9,G,R,0.0303030303030303,FR1,Basic,hotspot
Post-vaccination,9,G,E,0.0151515151515152,FR1,Acidic,hotspot
Post-vaccination,11,G,V,0.0294117647058824,FR1,Aliphatic,hotspot
Post-vaccination,11,G,D,0.0147058823529412,FR1,Acidic,hotspot
Post-vaccination,11,G,T,0.0147058823529412,FR1,Hydroxyl,hotspot
Post-vaccination,12,V,L,0.209876543209877,FR1,Aliphatic,hotspot
Post-vaccination,12,V,E,0.0246913580246914,FR1,Acidic,hotspot
Post-vaccination,12,V,G,0.0246913580246914,FR1,Aliphatic,hotspot
Post-vaccination,13,V,I,0.0298507462686567,FR1,Aliphatic,hotspot
Post-vaccination,13,V,A,0.0298507462686567,FR1,Aliphatic,hotspot
Post-vaccination,14,Q,K,0.0933333333333333,FR1,Basic,hotspot
Post-vaccination,14,Q,R,0.04,FR1,Basic,hotspot
Post-vaccination,14,Q,L,0.0266666666666667,FR1,Aliphatic,hotspot
Post-vaccination,15,P,R,0.0307692307692308,FR1,Basic,nonhotspot
Post-vaccination,17,R,G,0.181818181818182,FR1,Aliphatic,nonhotspot
Post-vaccination,17,R,K,0.0340909090909091,FR1,Basic,nonhotspot
Post-vaccination,17,R,S,0.0227272727272727,FR1,Hydroxyl,nonhotspot
Post-vaccination,17,R,T,0.0227272727272727,FR1,Hydroxyl,nonhotspot
Post-vaccination,17,R,E,0.0227272727272727,FR1,Acidic,nonhotspot
Post-vaccination,18,S,P,0.0151515151515152,FR1,Aliphatic,nonhotspot
Post-vaccination,18,S,F,0.0303030303030303,FR1,Aromatic,nonhotspot
Post-vaccination,19,L,P,0.0303030303030303,FR1,Aliphatic,nonhotspot
Post-vaccination,20,R,I,0.0263157894736842,FR1,Aliphatic,nonhotspot
Post-vaccination,20,R,K,0.0526315789473684,FR1,Basic,nonhotspot
Post-vaccination,20,R,S,0.0394736842105263,FR1,Hydroxyl,nonhotspot
Post-vaccination,20,R,G,0.0263157894736842,FR1,Aliphatic,nonhotspot
Post-vaccination,20,R,T,0.0263157894736842,FR1,Hydroxyl,nonhotspot
Post-vaccination,21,L,R,0.0147058823529412,FR1,Basic,nonhotspot
Post-vaccination,21,L,P,0.0147058823529412,FR1,Aliphatic,nonhotspot
Post-vaccination,21,L,I,0.0147058823529412,FR1,Aliphatic,nonhotspot
Post-vaccination,21,L,F,0.0294117647058824,FR1,Aromatic,nonhotspot
Post-vaccination,22,S,A,0.0289855072463768,FR1,Aliphatic,hotspot
Post-vaccination,22,S,P,0.0434782608695652,FR1,Aliphatic,hotspot
Post-vaccination,22,S,F,0.0289855072463768,FR1,Aromatic,hotspot
Post-vaccination,23,C,W,0.0149253731343284,FR1,Aromatic,hotspot
Post-vaccination,23,C,R,0.0298507462686567,FR1,Basic,hotspot
Post-vaccination,23,C,G,0.0149253731343284,FR1,Aliphatic,hotspot
Post-vaccination,24,A,V,0.0273972602739726,FR1,Aliphatic,hotspot
Post-vaccination,24,A,S,0.0410958904109589,FR1,Hydroxyl,hotspot
Post-vaccination,24,A,T,0.0273972602739726,FR1,Hydroxyl,hotspot
Post-vaccination,24,A,K,0.0136986301369863,FR1,Basic,hotspot
Post-vaccination,24,A,G,0.0273972602739726,FR1,Aliphatic,hotspot
Post-vaccination,25,A,V,0.0294117647058824,FR1,Aliphatic,hotspot
Post-vaccination,25,A,T,0.0294117647058824,FR1,Hydroxyl,hotspot
Post-vaccination,25,A,D,0.0147058823529412,FR1,Acidic,hotspot
Post-vaccination,26,S,A,0.0285714285714286,FR1,Aliphatic,hotspot
Post-vaccination,26,S,P,0.0285714285714286,FR1,Aliphatic,hotspot
Post-vaccination,26,S,C,0.0142857142857143,FR1,Sulfur,hotspot
Post-vaccination,27,G,E,0.0147058823529412,CDR1,Acidic,hotspot
Post-vaccination,27,G,V,0.0294117647058824,CDR1,Aliphatic,hotspot
Post-vaccination,27,G,R,0.0294117647058824,CDR1,Basic,hotspot
Post-vaccination,28,F,S,0.0303030303030303,CDR1,Hydroxyl,nonhotspot
Post-vaccination,28,F,I,0.0303030303030303,CDR1,Aliphatic,nonhotspot
Post-vaccination,29,T,I,0.0540540540540541,CDR1,Aliphatic,nonhotspot
Post-vaccination,29,T,A,0.027027027027027,CDR1,Aliphatic,nonhotspot
Post-vaccination,29,T,S,0.0405405405405405,CDR1,Hydroxyl,nonhotspot
Post-vaccination,29,T,P,0.027027027027027,CDR1,Aliphatic,nonhotspot
Post-vaccination,29,T,N,0.0135135135135135,CDR1,Amide,nonhotspot
Post-vaccination,30,F,V,0.0428571428571429,CDR1,Aliphatic,nonhotspot
Post-vaccination,30,F,L,0.0285714285714286,CDR1,Aliphatic,nonhotspot
Post-vaccination,30,F,S,0.0142857142857143,CDR1,Hydroxyl,nonhotspot
Post-vaccination,30,F,I,0.0142857142857143,CDR1,Aliphatic,nonhotspot
Post-vaccination,35,S,N,0.04,CDR1,Amide,hotspot
Post-vaccination,35,S,R,0.0266666666666667,CDR1,Basic,hotspot
Post-vaccination,35,S,T,0.0266666666666667,CDR1,Hydroxyl,hotspot
Post-vaccination,35,S,G,0.04,CDR1,Aliphatic,hotspot
Post-vaccination,35,S,I,0.0266666666666667,CDR1,Aliphatic,hotspot
Post-vaccination,36,S,N,0.0454545454545455,CDR1,Amide,hotspot
Post-vaccination,36,S,D,0.0681818181818182,CDR1,Acidic,hotspot
Post-vaccination,36,S,T,0.0340909090909091,CDR1,Hydroxyl,hotspot
Post-vaccination,36,S,G,0.0227272727272727,CDR1,Aliphatic,hotspot
Post-vaccination,36,S,R,0.0681818181818182,CDR1,Basic,hotspot
Post-vaccination,36,S,A,0.0227272727272727,CDR1,Aliphatic,hotspot
Post-vaccination,36,S,Q,0.0113636363636364,CDR1,Amide,hotspot
Post-vaccination,36,S,K,0.0340909090909091,CDR1,Basic,hotspot
Post-vaccination,37,Y,H,0.0641025641025641,CDR1,Basic,hotspot
Post-vaccination,37,Y,S,0.0256410256410256,CDR1,Hydroxyl,hotspot
Post-vaccination,37,Y,N,0.0256410256410256,CDR1,Amide,hotspot
Post-vaccination,37,Y,C,0.0256410256410256,CDR1,Sulfur,hotspot
Post-vaccination,37,Y,D,0.0128205128205128,CDR1,Acidic,hotspot
Post-vaccination,37,Y,A,0.0128205128205128,CDR1,Aliphatic,hotspot
Post-vaccination,37,Y,F,0.0256410256410256,CDR1,Aromatic,hotspot
Post-vaccination,38,G,S,0.0404040404040404,CDR1,Hydroxyl,hotspot
Post-vaccination,38,G,Y,0.0404040404040404,CDR1,Aromatic,hotspot
Post-vaccination,38,G,W,0.0202020202020202,CDR1,Aromatic,hotspot
Post-vaccination,38,G,D,0.0303030303030303,CDR1,Acidic,hotspot
Post-vaccination,38,A,V,0.0202020202020202,CDR1,Aliphatic,hotspot
Post-vaccination,38,A,T,0.0202020202020202,CDR1,Hydroxyl,hotspot
Post-vaccination,38,A,G,0.0202020202020202,CDR1,Aliphatic,hotspot
Post-vaccination,38,A,P,0.0202020202020202,CDR1,Aliphatic,hotspot
Post-vaccination,38,G,A,0.0202020202020202,CDR1,Aliphatic,hotspot
Post-vaccination,38,A,S,0.0101010101010101,CDR1,Hydroxyl,hotspot
Post-vaccination,39,M,I,0.0289855072463768,FR2,Aliphatic,hotspot
Post-vaccination,39,M,L,0.0289855072463768,FR2,Aliphatic,hotspot
Post-vaccination,39,M,V,0.0289855072463768,FR2,Aliphatic,hotspot
Post-vaccination,40,H,N,0.0533333333333333,FR2,Amide,hotspot
Post-vaccination,40,H,S,0.0533333333333333,FR2,Hydroxyl,hotspot
Post-vaccination,40,H,R,0.0266666666666667,FR2,Basic,hotspot
Post-vaccination,40,H,F,0.0133333333333333,FR2,Aromatic,hotspot
Post-vaccination,40,H,Y,0.0133333333333333,FR2,Aromatic,hotspot
Post-vaccination,41,W,R,0.03125,FR2,Basic,hotspot
Post-vaccination,42,V,G,0.0147058823529412,FR2,Aliphatic,hotspot
Post-vaccination,42,V,I,0.0588235294117647,FR2,Aliphatic,hotspot
Post-vaccination,43,R,C,0.0303030303030303,FR2,Sulfur,hotspot
Post-vaccination,44,Q,R,0.03125,FR2,Basic,hotspot
Post-vaccination,45,A,T,0.0307692307692308,FR2,Hydroxyl,hotspot
Post-vaccination,46,P,T,0.0303030303030303,FR2,Hydroxyl,hotspot
Post-vaccination,46,P,A,0.0151515151515152,FR2,Aliphatic,hotspot
Post-vaccination,48,K,R,0.0461538461538462,FR2,Basic,nonhotspot
Post-vaccination,49,G,R,0.0158730158730159,FR2,Basic,nonhotspot
Post-vaccination,50,L,P,0.0454545454545455,FR2,Aliphatic,nonhotspot
Post-vaccination,51,E,D,0.159420289855072,FR2,Acidic,hotspot
Post-vaccination,51,E,Q,0.0144927536231884,FR2,Amide,hotspot
Post-vaccination,53,V,A,0.0307692307692308,FR2,Aliphatic,nonhotspot
Post-vaccination,53,V,M,0.0153846153846154,FR2,Sulfur,nonhotspot
Post-vaccination,53,V,E,0.0153846153846154,FR2,Acidic,nonhotspot
Post-vaccination,54,A,T,0.0597014925373134,FR2,Hydroxyl,nonhotspot
Post-vaccination,54,A,S,0.0149253731343284,FR2,Hydroxyl,nonhotspot
Post-vaccination,55,V,L,0.181818181818182,FR2,Aliphatic,nonhotspot
Post-vaccination,55,V,I,0.038961038961039,FR2,Aliphatic,nonhotspot
Post-vaccination,55,V,A,0.051948051948052,FR2,Aliphatic,nonhotspot
Post-vaccination,55,V,G,0.012987012987013,FR2,Aliphatic,nonhotspot
Post-vaccination,55,V,F,0.025974025974026,FR2,Aromatic,nonhotspot
Post-vaccination,56,I,V,0.0597014925373134,CDR2,Aliphatic,nonhotspot
Post-vaccination,56,I,T,0.0149253731343284,CDR2,Hydroxyl,nonhotspot
Post-vaccination,57,S,W,0.0845070422535211,CDR2,Aromatic,hotspot
Post-vaccination,57,S,A,0.028169014084507,CDR2,Aliphatic,hotspot
Post-vaccination,58,Y,H,0.0540540540540541,CDR2,Basic,hotspot
Post-vaccination,58,Y,F,0.0540540540540541,CDR2,Aromatic,hotspot
Post-vaccination,58,Y,D,0.0135135135135135,CDR2,Acidic,hotspot
Post-vaccination,58,Y,S,0.0405405405405405,CDR2,Hydroxyl,hotspot
Post-vaccination,58,Y,N,0.0135135135135135,CDR2,Amide,hotspot
Post-vaccination,59,D,E,0.0303030303030303,CDR2,Acidic,hotspot
Post-vaccination,59,D,H,0.0151515151515152,CDR2,Basic,hotspot
Post-vaccination,62,G,R,0.03125,CDR2,Basic,nonhotspot
Post-vaccination,63,S,L,0.157894736842105,CDR2,Aliphatic,hotspot
Post-vaccination,63,S,R,0.0394736842105263,CDR2,Basic,hotspot
Post-vaccination,63,S,T,0.0394736842105263,CDR2,Hydroxyl,hotspot
Post-vaccination,63,S,N,0.0394736842105263,CDR2,Amide,hotspot
Post-vaccination,63,S,I,0.0131578947368421,CDR2,Aliphatic,hotspot
Post-vaccination,63,S,G,0.0263157894736842,CDR2,Aliphatic,hotspot
Post-vaccination,63,S,K,0.0263157894736842,CDR2,Basic,hotspot
Post-vaccination,64,N,D,0.0422535211267606,CDR2,Acidic,hotspot
Post-vaccination,64,N,A,0.0140845070422535,CDR2,Aliphatic,hotspot
Post-vaccination,64,N,Q,0.028169014084507,CDR2,Amide,hotspot
Post-vaccination,65,K,E,0.0821917808219178,CDR2,Acidic,nonhotspot
Post-vaccination,65,K,T,0.0410958904109589,CDR2,Hydroxyl,nonhotspot
Post-vaccination,65,K,Q,0.0136986301369863,CDR2,Amide,nonhotspot
Post-vaccination,65,K,N,0.0273972602739726,CDR2,Amide,nonhotspot
Post-vaccination,65,K,R,0.0136986301369863,CDR2,Basic,nonhotspot
Post-vaccination,66,Y,H,0.0410958904109589,FR3,Basic,nonhotspot
Post-vaccination,66,Y,D,0.0273972602739726,FR3,Acidic,nonhotspot
Post-vaccination,66,Y,S,0.0273972602739726,FR3,Hydroxyl,nonhotspot
Post-vaccination,66,Y,I,0.0273972602739726,FR3,Aliphatic,nonhotspot
Post-vaccination,66,Y,F,0.0273972602739726,FR3,Aromatic,nonhotspot
Post-vaccination,67,Y,I,0.0149253731343284,FR3,Aliphatic,nonhotspot
Post-vaccination,67,Y,H,0.0447761194029851,FR3,Basic,nonhotspot
Post-vaccination,68,A,T,0.194029850746269,FR3,Hydroxyl,nonhotspot
Post-vaccination,68,A,I,0.0149253731343284,FR3,Aliphatic,nonhotspot
Post-vaccination,69,D,T,0.171428571428571,FR3,Hydroxyl,hotspot
Post-vaccination,69,D,G,0.0142857142857143,FR3,Aliphatic,hotspot
Post-vaccination,69,D,E,0.0285714285714286,FR3,Acidic,hotspot
Post-vaccination,69,D,A,0.0285714285714286,FR3,Aliphatic,hotspot
Post-vaccination,69,D,I,0.0142857142857143,FR3,Aliphatic,hotspot
Post-vaccination,70,S,P,0.0303030303030303,FR3,Aliphatic,hotspot
Post-vaccination,70,S,A,0.0454545454545455,FR3,Aliphatic,hotspot
Post-vaccination,71,V,A,0.0307692307692308,FR3,Aliphatic,nonhotspot
Post-vaccination,72,K,R,0.0882352941176471,FR3,Basic,hotspot
Post-vaccination,74,G,D,0.0161290322580645,FR3,Acidic,hotspot
Post-vaccination,76,F,L,0.0461538461538462,FR3,Aliphatic,hotspot
Post-vaccination,76,F,S,0.0153846153846154,FR3,Hydroxyl,hotspot
Post-vaccination,77,T,S,0.205882352941176,FR3,Hydroxyl,hotspot
Post-vaccination,78,I,M,0.0151515151515152,FR3,Sulfur,nonhotspot
Post-vaccination,78,I,V,0.0303030303030303,FR3,Aliphatic,nonhotspot
Post-vaccination,79,S,P,0.0147058823529412,FR3,Aliphatic,hotspot
Post-vaccination,79,S,A,0.0294117647058824,FR3,Aliphatic,hotspot
Post-vaccination,79,S,L,0.0294117647058824,FR3,Aliphatic,hotspot
Post-vaccination,81,D,E,0.03125,FR3,Acidic,hotspot
Post-vaccination,82,N,D,0.0307692307692308,FR3,Acidic,hotspot
Post-vaccination,82,N,S,0.0153846153846154,FR3,Hydroxyl,hotspot
Post-vaccination,83,S,A,0.0704225352112676,FR3,Aliphatic,hotspot
Post-vaccination,83,S,P,0.0422535211267606,FR3,Aliphatic,hotspot
Post-vaccination,83,S,G,0.0140845070422535,FR3,Aliphatic,hotspot
Post-vaccination,83,S,F,0.0140845070422535,FR3,Aromatic,hotspot
Post-vaccination,84,K,N,0.188405797101449,FR3,Amide,hotspot
Post-vaccination,84,K,E,0.0434782608695652,FR3,Acidic,hotspot
Post-vaccination,84,K,R,0.0289855072463768,FR3,Basic,hotspot
Post-vaccination,84,K,D,0.0144927536231884,FR3,Acidic,hotspot
Post-vaccination,85,N,T,0.0294117647058824,FR3,Hydroxyl,hotspot
Post-vaccination,85,N,S,0.0294117647058824,FR3,Hydroxyl,hotspot
Post-vaccination,85,N,I,0.0147058823529412,FR3,Aliphatic,hotspot
Post-vaccination,85,N,D,0.0294117647058824,FR3,Acidic,hotspot
Post-vaccination,85,N,Y,0.0294117647058824,FR3,Aromatic,hotspot
Post-vaccination,86,T,S,0.0434782608695652,FR3,Hydroxyl,nonhotspot
Post-vaccination,86,T,K,0.0289855072463768,FR3,Basic,nonhotspot
Post-vaccination,86,T,M,0.0144927536231884,FR3,Sulfur,nonhotspot
Post-vaccination,87,L,V,0.0895522388059701,FR3,Aliphatic,hotspot
Post-vaccination,88,Y,F,0.0606060606060606,FR3,Aromatic,hotspot
Post-vaccination,88,Y,N,0.0151515151515152,FR3,Amide,hotspot
Post-vaccination,88,Y,D,0.0151515151515152,FR3,Acidic,hotspot
Post-vaccination,88,Y,S,0.0151515151515152,FR3,Hydroxyl,hotspot
Post-vaccination,89,L,V,0.03125,FR3,Aliphatic,hotspot
Post-vaccination,89,L,P,0.046875,FR3,Aliphatic,hotspot
Post-vaccination,90,Q,R,0.0307692307692308,FR3,Basic,hotspot
Post-vaccination,90,Q,D,0.0153846153846154,FR3,Acidic,hotspot
Post-vaccination,91,M,L,0.0298507462686567,FR3,Aliphatic,nonhotspot
Post-vaccination,91,M,T,0.0298507462686567,FR3,Hydroxyl,nonhotspot
Post-vaccination,91,M,V,0.0298507462686567,FR3,Aliphatic,nonhotspot
Post-vaccination,92,N,D,0.03125,FR3,Acidic,nonhotspot
Post-vaccination,93,S,N,0.015625,FR3,Amide,nonhotspot
Post-vaccination,93,S,R,0.015625,FR3,Basic,nonhotspot
Post-vaccination,94,L,P,0.0158730158730159,FR3,Aliphatic,nonhotspot
Post-vaccination,95,R,K,0.0298507462686567,FR3,Basic,nonhotspot
Post-vaccination,95,R,G,0.0298507462686567,FR3,Aliphatic,nonhotspot
Post-vaccination,95,R,I,0.0149253731343284,FR3,Aliphatic,nonhotspot
Post-vaccination,95,R,S,0.0149253731343284,FR3,Hydroxyl,nonhotspot
Post-vaccination,96,A,T,0.0298507462686567,FR3,Hydroxyl,nonhotspot
Post-vaccination,96,A,V,0.0149253731343284,FR3,Aliphatic,nonhotspot
Post-vaccination,96,A,I,0.0149253731343284,FR3,Aliphatic,nonhotspot
Post-vaccination,97,E,K,0.0303030303030303,FR3,Basic,nonhotspot
Post-vaccination,97,E,G,0.0303030303030303,FR3,Aliphatic,nonhotspot
Post-vaccination,99,T,M,0.0158730158730159,FR3,Sulfur,nonhotspot
Post-vaccination,99,T,A,0.0158730158730159,FR3,Aliphatic,nonhotspot
Post-vaccination,100,A,S,0.19047619047619,FR3,Hydroxyl,hotspot
Post-vaccination,101,V,F,0.0161290322580645,FR3,Aromatic,hotspot
Post-vaccination,102,Y,C,0.0149253731343284,FR3,Sulfur,hotspot
Post-vaccination,102,Y,N,0.0298507462686567,FR3,Amide,hotspot
Post-vaccination,103,Y,F,0.0597014925373134,FR3,Aromatic,hotspot
Post-vaccination,103,Y,H,0.0447761194029851,FR3,Basic,hotspot
